Workbook

Sheet 4x4
B2: Czas | C2: Tmin | D2: Tmax
B3: 50 | C3: 110.03797 | D3: 365.81547
B4: 100 | C4: 168.83701 | D4: 502.59171
B5: 150 | C5: 242.80085 | D5: 587.37267
B6: 200 | C6: 318.61459 | D6: 649.38748
B7: 250 | C7: 391.25579 | D7: 700.06842
B8: 300 | C8: 459.03691 | D8: 744.06334
B9: 350 | C9: 521.58628 | D9: 783.38285
B10: 400 | C10: 579.03446 | D10: 818.99218
B11: 450 | C11: 631.68926 | D11: 851.43104
B12: 500 | C12: 679.90762 | D12: 881.05763

Sheet 4x4 Mix
B2: Czas | C2: Tmin | D2: Tmax
B3: 50 | C3: 95.15906 | D3: 374.66827
B4: 100 | C4: 147.65589 | D4: 505.95426
B5: 150 | C5: 220.17811 | D5: 586.98942
B6: 200 | C6: 296.75086 | D6: 647.28011
B7: 250 | C7: 370.98263 | D7: 697.32987
B8: 300 | C8: 440.574 | D8: 741.21565
B9: 350 | C9: 504.90437 | D9: 781.24086
B10: 400 | C10: 564.01392 | D10: 817.42051
B11: 450 | C11: 618.18549 | D11: 850.26411
B12: 500 | C12: 667.77643 | D12: 880.1923

Sheet 4x4 Mix Poprawione
B2: Czas | C2: Tmin | D2: Tmax
B3: 55 | C3: 100.59393 | D3: 387.32209
B4: 110 | C4: 162.25819 | D4: 521.57799
B5: 165 | C5: 242.9888 | D5: 604.4997
B6: 220 | C6: 325.96922 | D6: 666.7153
B7: 275 | C7: 404.99208 | D7: 718.6341
B8: 330 | C8: 478.09248 | D8: 764.37116
B9: 385 | C9: 544.92852 | D9: 805.66573
B10: 440 | C10: 605.74549 | D10: 842.68119
B11: 495 | C11: 660.97733 | D11: 876.06646

Sheet 31x31
B2: Czas | C2: Tmin | D2: Tmax
B3: 1 | C3: 100 | D3: 149.55695
B4: 2 | C4: 100 | D4: 177.44493
B5: 3 | C5: 100 | D5: 197.26696
B6: 4 | C6: 100 | D6: 213.15279
B7: 5 | C7: 100 | D7: 226.68258
B8: 6 | C8: 100.00001 | D8: 238.60707
B9: 7 | C9: 100.00002 | D9: 249.34669
B10: 8 | C10: 100.00006 | D10: 259.16508
B11: 9 | C11: 100.00016 | D11: 268.24069
B12: 10 | C12: 100.00037 | D12: 276.7011
B13: 11 | C13: 100.00079 | D13: 284.64128
B14: 12 | C14: 100.00157 | D14: 292.13422
... B22: 20 | C22: 100.06432 | D22: 341.08466

Sheet Cegła Małe dziury, alfa = 8
V1: Temperatura na przeciwnej ścianie w ostaniej iteracji | W1: Temperatura na nagrzewanej ścianie w ostaniej iteracji
B2: Czas | C2: Tmin | D2: Tmax
B3: 5 | C3: 20 | D3: 21.772612 | V3: 21.855521 | W3: 69.249537
B4: 10 | C4: 20 | D4: 22.835159 | V4: 21.844142 | W4: 69.420076
B5: 15 | C5: 20 | D5: 23.609091 | V5: 21.812506 | W5: 69.893537
B6: 20 | C6: 20 | D6: 24.238805 | V6: 21.768329 | W6: 70.552853
B7: 25 | C7: 20 | D7: 24.783549 | V7: 21.724581 | W7: 71.202317
B8: 30 | C8: 20 | D8: 25.272683 | V8: 21.695571 | W8: 71.626722
B9: 35 | C9: 20 | D9: 25.723192 | V9: 21.690914 | W9: 71.681769
B10: 40 | C10: 20 | D10: 26.145945 | V10: 21.710493 | W10: 71.369143
B11: 45 | C11: 20 | D11: 26.548294 | V11: 21.744395 | W11: 70.837617
B12: 50 | C12: 20 | D12: 26.935343 | V12: 21.777818 | W12: 70.309893
B13: 55 | C13: 20 | D13: 27.310679 | V13: 21.797198 | W13: 69.991403
B14: 60 | C14: 20 | D14: 27.676829 | V14: 21.794871 | W14: 70.000682
... B33: 155 | C33: 20 | D33: 33.794345 | V33: 21.682251 | W33: 72.011295
B34: 160 | C34: 20 | D34: 34.083697 | V34: Przeciwległa ściana | W34: Ogrzewana ściana
B35: 165 | C35: 20 | D35: 34.370155 | U35: max | V35: =MAX(V3:V33) -> 21.855521 | W35: =MAX(W3:W33) -> 73.068321
B36: 170 | C36: 20 | D36: 34.653761 | U36: min | V36: =MIN(V3:V33) -> 21.610706 | W36: =MIN(W3:W33) -> 69.249537
B37: 175 | C37: 20 | D37: 34.934557 | U37: średnia | V37: =AVERAGE(V3:V33) -> 21.72257 | W37: =AVERAGE(W3:W33) -> 71.212086
B38: 180 | C38: 20 | D38: 35.212583
B39: 185 | C39: 20 | D39: 35.487884
B40: 190 | C40: 20 | D40: 35.760501
B41: 195 | C41: 20 | D41: 36.030477
B42: 200 | C42: 20 | D42: 36.297856
B43: 205 | C43: 20 | D43: 36.562679
B44: 210 | C44: 20 | D44: 36.82499
B45: 215 | C45: 20 | D45: 37.08483
B46: 220 | C46: 20 | D46: 37.342241
B47: 225 | C47: 20 | D47: 37.597266
B48: 230 | C48: 20.000001 | D48: 37.849944
B49: 235 | C49: 20.000001 | D49: 38.100316
... B402: 2000 | C402: 21.473093 | D402: 77.590972
B404: średnia | C404: =AVERAGE(C3:C402) -> 20.297473 | D404: =AVERAGE(D3:D402) -> 58.897151

Sheet Cegła Małe dziury, alfa = 300
V1: Temperatura na przeciwnej ścianie w ostaniej iteracji | W1: Temperatura na nagrzewanej ścianie w ostaniej iteracji
B2: Czas | C2: Tmin | D2: Tmax
B3: 5 | C3: 20 | D3: 68.897051 | V3: 32.178458 | W3: 190.89871
B4: 10 | C4: 20 | D4: 90.457022 | V4: 32.117526 | W4: 191.09335
B5: 15 | C5: 20 | D5: 102.74228 | V5: 31.94807 | W5: 191.63966
B6: 20 | C6: 20 | D6: 111.07868 | V6: 31.71116 | W6: 192.41411
B7: 25 | C7: 20 | D7: 117.35525 | V7: 31.475739 | W7: 193.1826
B8: 30 | C8: 20 | D8: 122.39354 | V8: 31.317825 | W8: 193.67282
B9: 35 | C9: 20 | D9: 126.61758 | V9: 31.288499 | W9: 193.69599
B10: 40 | C10: 20 | D10: 130.27274 | V10: 31.387241 | W10: 193.25493
B11: 45 | C11: 20 | D11: 133.51089 | V11: 31.561519 | W11: 192.54546
B12: 50 | C12: 20 | D12: 136.43006 | V12: 31.732752 | W12: 191.85165
B13: 55 | C13: 20 | D13: 139.09548 | V13: 31.828837 | W13: 191.42698
B14: 60 | C14: 20 | D14: 141.55187 | V14: 31.808886 | W14: 191.41013
... B33: 155 | C33: 20 | D33: 168.09933 | V33: 31.042239 | W33: 192.25384
B34: 160 | C34: 20 | D34: 168.88563 | V34: Przeciwległa ściana | W34: Ogrzewana ściana
B35: 165 | C35: 20 | D35: 169.63559 | U35: max | V35: =MAX(V3:V33) -> 32.178458 | W35: =MAX(W3:W33) -> 193.9539
B36: 170 | C36: 20 | D36: 170.35137 | U36: min | V36: =MIN(V3:V33) -> 30.686119 | W36: =MIN(W3:W33) -> 190.89871
B37: 175 | C37: 20 | D37: 171.03496 | U37: średnia | V37: =AVERAGE(V3:V33) -> 31.375832 | W37: =AVERAGE(W3:W33) -> 192.55875
B38: 180 | C38: 20 | D38: 171.68822
B39: 185 | C39: 20 | D39: 172.31288
B40: 190 | C40: 20 | D40: 172.91057
B41: 195 | C41: 20 | D41: 173.48278
B42: 200 | C42: 20 | D42: 174.03091
B43: 205 | C43: 20.000001 | D43: 174.55628
B44: 210 | C44: 20.000001 | D44: 175.06011
B45: 215 | C45: 20.000001 | D45: 175.54354
B46: 220 | C46: 20.000002 | D46: 176.00766
B47: 225 | C47: 20.000002 | D47: 176.45346
B48: 230 | C48: 20.000003 | D48: 176.88188
B49: 235 | C49: 20.000004 | D49: 177.29381
... B402: 2000 | C402: 30.686119 | D402: 193.9539
B404: średnia | C404: =AVERAGE(C3:C402) -> 22.534915 | D404: =AVERAGE(D3:D402) -> 186.3106

Sheet Cegła Małe dziury, alfa = 3000
V1: Temperatura na przeciwnej ścianie w ostaniej iteracji | W1: Temperatura na nagrzewanej ścianie w ostaniej iteracji
B2: Czas | C2: Tmin | D2: Tmax
B3: 5 | C3: 20 | D3: 161.94237 | V3: 33.871517 | W3: 199.00657
B4: 10 | C4: 20 | D4: 180.11038 | V4: 33.805038 | W4: 199.03676
B5: 15 | C5: 20 | D5: 184.77762 | V5: 33.620134 | W5: 199.12274
B6: 20 | C6: 20 | D6: 187.1027 | V6: 33.361541 | W6: 199.24884
B7: 25 | C7: 20 | D7: 188.63457 | V7: 33.104343 | W7: 199.3766
B8: 30 | C8: 20 | D8: 189.76815 | V8: 32.931327 | W8: 199.45866
B9: 35 | C9: 20 | D9: 190.66765 | V9: 32.898135 | W9: 199.46044
B10: 40 | C10: 20 | D10: 191.41629 | V10: 33.00423 | W10: 199.38227
B11: 45 | C11: 20 | D11: 192.0597 | V11: 33.19244 | W11: 199.2596
B12: 50 | C12: 20 | D12: 192.62433 | V12: 33.377206 | W12: 199.14153
B13: 55 | C13: 20 | D13: 193.12645 | V13: 33.479987 | W13: 199.07046
B14: 60 | C14: 20 | D14: 193.57674 | V14: 33.456194 | W14: 199.06761
... B33: 155 | C33: 20 | D33: 197.41951 | V33: 32.575106 | W33: 199.16252
B34: 160 | C34: 20 | D34: 197.50147 | V34: Przeciwległa ściana | W34: Ogrzewana ściana
B35: 165 | C35: 20 | D35: 197.57796 | U35: max | V35: =MAX(V3:V33) -> 33.871517 | W35: =MAX(W3:W33) -> 199.47687
B36: 170 | C36: 20 | D36: 197.64943 | U36: min | V36: =MIN(V3:V33) -> 32.193056 | W36: =MIN(W3:W33) -> 199.00657
B37: 175 | C37: 20 | D37: 197.71631 | U37: średnia | V37: =AVERAGE(V3:V33) -> 32.970887 | W37: =AVERAGE(W3:W33) -> 199.25762
B38: 180 | C38: 20 | D38: 197.77898
B39: 185 | C39: 20 | D39: 197.83778
B40: 190 | C40: 20 | D40: 197.89303
B41: 195 | C41: 20.000001 | D41: 197.945
B42: 200 | C42: 20.000001 | D42: 197.99394
B43: 205 | C43: 20.000001 | D43: 198.0401
B44: 210 | C44: 20.000002 | D44: 198.08369
B45: 215 | C45: 20.000002 | D45: 198.12489
B46: 220 | C46: 20.000003 | D46: 198.16388
B47: 225 | C47: 20.000004 | D47: 198.20082
B48: 230 | C48: 20.000006 | D48: 198.23586
B49: 235 | C49: 20.000007 | D49: 198.26912
... B402: 2000 | C402: 32.193056 | D402: 199.47687
B404: średnia | C404: =AVERAGE(C3:C402) -> 22.988831 | D404: =AVERAGE(D3:D402) -> 198.66737

Sheet Cegła Duże dziury, alfa = 8
V1: Temperatura na przeciwnej ścianie w ostaniej iteracji | W1: Temperatura na nagrzewanej ścianie w ostaniej iteracji
B2: Czas | C2: Tmin | D2: Tmax
B3: 5 | C3: 20 | D3: 21.772612 | V3: 21.790484 | W3: 72.834712
B4: 10 | C4: 20 | D4: 22.835159 | V4: 21.774442 | W4: 73.078555
B5: 15 | C5: 20 | D5: 23.609091 | V5: 21.728929 | W5: 73.770089
B6: 20 | C6: 20 | D6: 24.238805 | V6: 21.662123 | W6: 74.784095
B7: 25 | C7: 20 | D7: 24.783549 | V7: 21.588253 | W7: 75.902577
B8: 30 | C8: 20 | D8: 25.272683 | V8: 21.523817 | W8: 76.87188
B9: 35 | C9: 20 | D9: 25.723192 | V9: 21.482801 | W9: 77.475722
B10: 40 | C10: 20 | D10: 26.145945 | V10: 21.473093 | W10: 77.590972
B11: 45 | C11: 20 | D11: 26.548294 | V11: 21.497328 | W11: 77.177021
B12: 50 | C12: 20 | D12: 26.935343 | V12: 21.553115 | W12: 76.273241
B13: 55 | C13: 20 | D13: 27.310679 | V13: 21.632838 | W13: 75.001449
B14: 60 | C14: 20 | D14: 27.676829 | V14: 21.722909 | W14: 73.574945
... B33: 155 | C33: 20 | D33: 33.794345 | V33: 21.790484 | W33: 72.834707
B34: 160 | C34: 20 | D34: 34.083697 | V34: Przeciwległa ściana | W34: Ogrzewana ściana
B35: 165 | C35: 20 | D35: 34.370155 | U35: max | V35: =MAX(V3:V33) -> 21.928175 | W35: =MAX(W3:W33) -> 77.590972
B36: 170 | C36: 20 | D36: 34.653761 | U36: min | V36: =MIN(V3:V33) -> 21.473093 | W36: =MIN(W3:W33) -> 70.336983
B37: 175 | C37: 20 | D37: 34.934557 | U37: średnia | V37: =AVERAGE(V3:V33) -> 21.676777 | W37: =AVERAGE(W3:W33) -> 74.41877
B38: 180 | C38: 20 | D38: 35.212583
B39: 185 | C39: 20 | D39: 35.487884
B40: 190 | C40: 20 | D40: 35.760501
B41: 195 | C41: 20 | D41: 36.030477
B42: 200 | C42: 20 | D42: 36.297856
B43: 205 | C43: 20 | D43: 36.562679
B44: 210 | C44: 20 | D44: 36.82499
B45: 215 | C45: 20 | D45: 37.08483
B46: 220 | C46: 20 | D46: 37.342241
B47: 225 | C47: 20 | D47: 37.597266
B48: 230 | C48: 20.000001 | D48: 37.849944
B49: 235 | C49: 20.000001 | D49: 38.100316
... B402: 2000 | C402: 21.473093 | D402: 77.590972
B404: średnia | C404: =AVERAGE(C3:C402) -> 20.297473 | D404: =AVERAGE(D3:D402) -> 58.897151

Sheet Cegła Duże dziury, alfa = 300
V1: Temperatura na przeciwnej ścianie w ostaniej iteracji | W1: Temperatura na nagrzewanej ścianie w ostaniej iteracji
B2: Czas | C2: Tmin | D2: Tmax
B3: 5 | C3: 20 | D3: 68.897085 | V3: 31.273487 | W3: 190.8205
B4: 10 | C4: 20 | D4: 90.457406 | V4: 31.191897 | W4: 191.06298
B5: 15 | C5: 20 | D5: 102.74432 | V5: 30.960617 | W5: 191.75742
B6: 20 | C6: 20 | D6: 111.0858 | V6: 30.621786 | W6: 192.79228
B7: 25 | C7: 20 | D7: 117.37411 | V7: 30.248512 | W7: 193.94551
B8: 30 | C8: 20 | D8: 122.43457 | V8: 29.925616 | W8: 194.95757
B9: 35 | C9: 20 | D9: 126.69482 | V9: 29.725227 | W9: 195.61871
B10: 40 | C10: 20 | D10: 130.40298 | V10: 29.688315 | W10: 195.83248
B11: 45 | C11: 20 | D11: 133.71247 | V11: 29.828445 | W11: 195.56839
B12: 50 | C12: 20 | D12: 136.72162 | V12: 30.132633 | W12: 194.85083
B13: 55 | C13: 20 | D13: 139.49484 | V13: 30.560346 | W13: 193.76968
B14: 60 | C14: 20 | D14: 142.07522 | V14: 31.040191 | W14: 192.52621
... B33: 155 | C33: 20 | D33: 171.4718 | V33: 31.273488 | W33: 190.8205
B34: 160 | C34: 20 | D34: 172.36034 | V34: Przeciwległa ściana | W34: Ogrzewana ściana
B35: 165 | C35: 20 | D35: 173.20593 | U35: max | V35: =MAX(V3:V33) -> 32.130126 | W35: =MAX(W3:W33) -> 195.83248
B36: 170 | C36: 20 | D36: 174.01088 | U36: min | V36: =MIN(V3:V33) -> 29.688315 | W36: =MIN(W3:W33) -> 189.79991
B37: 175 | C37: 20 | D37: 174.77738 | U37: średnia | V37: =AVERAGE(V3:V33) -> 30.751643 | W37: =AVERAGE(W3:W33) -> 192.9177
B38: 180 | C38: 20.000001 | D38: 175.50751
B39: 185 | C39: 20.000001 | D39: 176.2032
B40: 190 | C40: 20.000001 | D40: 176.86632
B41: 195 | C41: 20.000002 | D41: 177.49859
B42: 200 | C42: 20.000002 | D42: 178.10168
B43: 205 | C43: 20.000003 | D43: 178.67713
B44: 210 | C44: 20.000004 | D44: 179.22641
B45: 215 | C45: 20.000005 | D45: 179.75091
B46: 220 | C46: 20.000007 | D46: 180.25193
B47: 225 | C47: 20.000009 | D47: 180.7307
B48: 230 | C48: 20.000011 | D48: 181.1884
B49: 235 | C49: 20.000013 | D49: 181.62612
... B402: 2000 | C402: 29.688315 | D402: 195.83248
B404: średnia | C404: =AVERAGE(C3:C402) -> 22.258984 | D404: =AVERAGE(D3:D402) -> 189.13933

Sheet Cegła Duże dziury, alfa = 3000
V1: Temperatura na przeciwnej ścianie w ostaniej iteracji | W1: Temperatura na nagrzewanej ścianie w ostaniej iteracji
B2: Czas | C2: Tmin | D2: Tmax
B3: 5 | C3: 20 | D3: 161.9424 | V3: 32.783131 | W3: 198.95459
B4: 10 | C4: 20 | D4: 180.11069 | V4: 32.694689 | W4: 198.99011
B5: 15 | C5: 20 | D5: 184.77913 | V5: 32.444036 | W5: 199.09287
B6: 20 | C6: 20 | D6: 187.1075 | V6: 32.076998 | W6: 199.24955
B7: 25 | C7: 20 | D7: 188.64613 | V7: 31.67303 | W7: 199.42421
B8: 30 | C8: 20 | D8: 189.79116 | V8: 31.324317 | W8: 199.57552
B9: 35 | C9: 20 | D9: 190.70751 | V9: 31.109268 | W9: 199.67136
B10: 40 | C10: 20 | D10: 191.47851 | V10: 31.072439 | W10: 199.70351
B11: 45 | C11: 20 | D11: 192.14935 | V11: 31.228537 | W11: 199.66926
B12: 50 | C12: 20 | D12: 192.74567 | V12: 31.563297 | W12: 199.57078
B13: 55 | C13: 20 | D13: 193.2827 | V13: 32.032375 | W13: 199.41563
B14: 60 | C14: 20 | D14: 193.77009 | V14: 32.557835 | W14: 199.23487
... B33: 155 | C33: 20 | D33: 198.07678 | V33: 32.783133 | W33: 198.95459
B34: 160 | C34: 20 | D34: 198.16477 | V34: Przeciwległa ściana | W34: Ogrzewana ściana
B35: 165 | C35: 20 | D35: 198.24604 | U35: max | V35: =MAX(V3:V33) -> 33.750378 | W35: =MAX(W3:W33) -> 199.70351
B36: 170 | C36: 20.000001 | D36: 198.32115 | U36: min | V36: =MIN(V3:V33) -> 31.072439 | W36: =MIN(W3:W33) -> 198.85934
B37: 175 | C37: 20.000001 | D37: 198.39064 | U37: średnia | V37: =AVERAGE(V3:V33) -> 32.231612 | W37: =AVERAGE(W3:W33) -> 199.28239
B38: 180 | C38: 20.000001 | D38: 198.45499
B39: 185 | C39: 20.000002 | D39: 198.51461
B40: 190 | C40: 20.000002 | D40: 198.56993
B41: 195 | C41: 20.000003 | D41: 198.62129
B42: 200 | C42: 20.000005 | D42: 198.66902
B43: 205 | C43: 20.000006 | D43: 198.71343
B44: 210 | C44: 20.000008 | D44: 198.75478
B45: 215 | C45: 20.00001 | D45: 198.79334
B46: 220 | C46: 20.000013 | D46: 198.82933
B47: 225 | C47: 20.000016 | D47: 198.86295
B48: 230 | C48: 20.00002 | D48: 198.89439
B49: 235 | C49: 20.000024 | D49: 198.92384
... B402: 2000 | C402: 31.072439 | D402: 199.70351
B404: średnia | C404: =AVERAGE(C3:C402) -> 22.66931 | D404: =AVERAGE(D3:D402) -> 199.02701

Sheet Cegła Pełna, alfa = 8
V1: Temperatura na przeciwnej ścianie w ostaniej iteracji | W1: Temperatura na nagrzewanej ścianie w ostaniej iteracji
B2: Czas | C2: Tmin | D2: Tmax
B3: 5 | C3: 20 | D3: 21.772605 | V3: 22.277994 | W3: 57.759098
B4: 10 | C4: 20 | D4: 22.835068 | V4: 22.277994 | W4: 57.759098
B5: 15 | C5: 20 | D5: 23.608575 | V5: 22.277994 | W5: 57.759098
B6: 20 | C6: 20 | D6: 24.236868 | V6: 22.277994 | W6: 57.759098
B7: 25 | C7: 20 | D7: 24.778105 | V7: 22.277994 | W7: 57.759098
B8: 30 | C8: 20 | D8: 25.260263 | V8: 22.277994 | W8: 57.759098
B9: 35 | C9: 20 | D9: 25.698937 | V9: 22.277994 | W9: 57.759098
B10: 40 | C10: 20 | D10: 26.103836 | V10: 22.277994 | W10: 57.759098
B11: 45 | C11: 20 | D11: 26.481497 | V11: 22.277994 | W11: 57.759098
B12: 50 | C12: 20 | D12: 26.836579 | V12: 22.277994 | W12: 57.759098
B13: 55 | C13: 20 | D13: 27.172543 | V13: 22.277994 | W13: 57.759098
B14: 60 | C14: 20 | D14: 27.492046 | V14: 22.277994 | W14: 57.759098
... B33: 155 | C33: 20 | D33: 31.918954 | V33: 22.277994 | W33: 57.759098
B34: 160 | C34: 20 | D34: 32.101722 | V34: Przeciwległa ściana | W34: Ogrzewana ściana
B35: 165 | C35: 20 | D35: 32.281313 | U35: max | V35: =MAX(V3:V33) -> 22.277994 | W35: =MAX(W3:W33) -> 57.759098
B36: 170 | C36: 20 | D36: 32.457874 | U36: min
B37: 175 | C37: 20 | D37: 32.63154 | U37: średnia
B38: 180 | C38: 20 | D38: 32.802435
B39: 185 | C39: 20 | D39: 32.970676
B40: 190 | C40: 20 | D40: 33.136371
B41: 195 | C41: 20 | D41: 33.299623
B42: 200 | C42: 20 | D42: 33.460525
B43: 205 | C43: 20 | D43: 33.619168
B44: 210 | C44: 20 | D44: 33.775633
B45: 215 | C45: 20 | D45: 33.93
B46: 220 | C46: 20 | D46: 34.082342
B47: 225 | C47: 20 | D47: 34.23273
B48: 230 | C48: 20 | D48: 34.381229
B49: 235 | C49: 20.000001 | D49: 34.5279
... B402: 2000 | C402: 22.277994 | D402: 57.759098
B404: średnia | C404: =AVERAGE(C3:C402) -> 20.523489 | D404: =AVERAGE(D3:D402) -> 46.354659

Sheet Cegła Pełna, alfa = 300
V1: Temperatura na przeciwnej ścianie w ostaniej iteracji | W1: Temperatura na nagrzewanej ścianie w ostaniej iteracji
B2: Czas | C2: Tmin | D2: Tmax
B3: 5 | C3: 20 | D3: 68.896927 | V3: 37.31819 | W3: 187.98978
B4: 10 | C4: 20 | D4: 90.455605 | V4: 37.31819 | W4: 187.98978
B5: 15 | C5: 20 | D5: 102.73438 | V5: 37.31819 | W5: 187.98978
B6: 20 | C6: 20 | D6: 111.0499 | V6: 37.31819 | W6: 187.98978
B7: 25 | C7: 20 | D7: 117.27728 | V7: 37.31819 | W7: 187.98978
B8: 30 | C8: 20 | D8: 122.22329 | V8: 37.31819 | W8: 187.98978
B9: 35 | C9: 20 | D9: 126.3011 | V9: 37.31819 | W9: 187.98978
B10: 40 | C10: 20 | D10: 129.75139 | V10: 37.31819 | W10: 187.98978
B11: 45 | C11: 20 | D11: 132.72748 | V11: 37.31819 | W11: 187.98978
B12: 50 | C12: 20 | D12: 135.33328 | V12: 37.31819 | W12: 187.98978
B13: 55 | C13: 20 | D13: 137.64253 | V13: 37.31819 | W13: 187.98978
B14: 60 | C14: 20 | D14: 139.70939 | V14: 37.31819 | W14: 187.98978
... B33: 155 | C33: 20 | D33: 159.42652 | V33: 37.31819 | W33: 187.98978
B34: 160 | C34: 20 | D34: 159.99196 | V34: Przeciwległa ściana | W34: Ogrzewana ściana
B35: 165 | C35: 20 | D35: 160.53409 | U35: max | V35: =MAX(V3:V33) -> 37.31819 | W35: =MAX(W3:W33) -> 187.98978
B36: 170 | C36: 20 | D36: 161.05451 | U36: min
B37: 175 | C37: 20 | D37: 161.55463 | U37: średnia
B38: 180 | C38: 20 | D38: 162.03575
B39: 185 | C39: 20 | D39: 162.49907
B40: 190 | C40: 20.000001 | D40: 162.94565
B41: 195 | C41: 20.000001 | D41: 163.37649
B42: 200 | C42: 20.000001 | D42: 163.7925
B43: 205 | C43: 20.000002 | D43: 164.19452
B44: 210 | C44: 20.000002 | D44: 164.58332
B45: 215 | C45: 20.000003 | D45: 164.95962
B46: 220 | C46: 20.000005 | D46: 165.32408
B47: 225 | C47: 20.000006 | D47: 165.6773
B48: 230 | C48: 20.000009 | D48: 166.01987
B49: 235 | C49: 20.000012 | D49: 166.3523
... B402: 2000 | C402: 37.31819 | D402: 187.98978
B404: średnia | C404: =AVERAGE(C3:C402) -> 24.503873 | D404: =AVERAGE(D3:D402) -> 178.19662

Sheet Cegła Pełna, alfa = 3000
V1: Temperatura na przeciwnej ścianie w ostaniej iteracji | W1: Temperatura na nagrzewanej ścianie w ostaniej iteracji
B2: Czas | C2: Tmin | D2: Tmax
B3: 5 | C3: 20 | D3: 161.94226 | V3: 40.344003 | W3: 198.79131
B4: 10 | C4: 20 | D4: 180.10922 | V4: 40.344003 | W4: 198.79131
B5: 15 | C5: 20 | D5: 184.77159 | V5: 40.344003 | W5: 198.79131
B6: 20 | C6: 20 | D6: 187.08225 | V6: 40.344003 | W6: 198.79131
B7: 25 | C7: 20 | D7: 188.58329 | V7: 40.344003 | W7: 198.79131
B8: 30 | C8: 20 | D8: 189.66489 | V8: 40.344003 | W8: 198.79131
B9: 35 | C9: 20 | D9: 190.49071 | V9: 40.344003 | W9: 198.79131
B10: 40 | C10: 20 | D10: 191.14704 | V10: 40.344003 | W10: 198.79131
B11: 45 | C11: 20 | D11: 191.68454 | V11: 40.344003 | W11: 198.79131
B12: 50 | C12: 20 | D12: 192.13504 | V12: 40.344003 | W12: 198.79131
B13: 55 | C13: 20 | D13: 192.51966 | V13: 40.344003 | W13: 198.79131
B14: 60 | C14: 20 | D14: 192.85298 | V14: 40.344003 | W14: 198.79131
... B33: 155 | C33: 20 | D33: 195.61582 | V33: 40.344003 | W33: 198.79131
B34: 160 | C34: 20 | D34: 195.68607 | V34: Przeciwległa ściana | W34: Ogrzewana ściana
B35: 165 | C35: 20 | D35: 195.75306 | U35: max | V35: =MAX(V3:V33) -> 40.344003 | W35: =MAX(W3:W33) -> 198.79131
B36: 170 | C36: 20 | D36: 195.81702 | U36: min
B37: 175 | C37: 20 | D37: 195.87818 | U37: średnia
B38: 180 | C38: 20 | D38: 195.93673
B39: 185 | C39: 20.000001 | D39: 195.99285
B40: 190 | C40: 20.000001 | D40: 196.04672
B41: 195 | C41: 20.000002 | D41: 196.09846
B42: 200 | C42: 20.000002 | D42: 196.14823
B43: 205 | C43: 20.000003 | D43: 196.19614
B44: 210 | C44: 20.000005 | D44: 196.24231
B45: 215 | C45: 20.000007 | D45: 196.28683
B46: 220 | C46: 20.000009 | D46: 196.32981
B47: 225 | C47: 20.000013 | D47: 196.37133
B48: 230 | C48: 20.000017 | D48: 196.41148
B49: 235 | C49: 20.000023 | D49: 196.45031
... B402: 2000 | C402: 40.344003 | D402: 198.79131
B404: średnia | C404: =AVERAGE(C3:C402) -> 25.475464 | D404: =AVERAGE(D3:D402) -> 197.60681

Sheet Cegła Małe dziury, czas = 10k 
V1: Temperatura na przeciwnej ścianie w ostaniej iteracji | W1: Temperatura na nagrzewanej ścianie w ostaniej iteracji
B2: Czas | C2: Tmin | D2: Tmax
B3: 5 | C3: 20 | D3: 21.772611 | V3: 67.566857 | W3: 113.41797
B4: 10 | C4: 20 | D4: 22.835139 | V4: 67.543837 | W4: 113.5486
B5: 15 | C5: 20 | D5: 23.608983 | V5: 67.479867 | W5: 113.91188
B6: 20 | C6: 20 | D6: 24.238412 | V6: 67.390602 | W6: 114.42003
B7: 25 | C7: 20 | D7: 24.782458 | V7: 67.30224 | W7: 114.92597
B8: 30 | C8: 20 | D8: 25.270193 | V8: 67.243613 | W8: 115.26768
B9: 35 | C9: 20 | D9: 25.718274 | V9: 67.234008 | W9: 115.33581
B10: 40 | C10: 20 | D10: 26.137245 | V10: 67.273022 | W10: 115.13002
B11: 45 | C11: 20 | D11: 26.534175 | V11: 67.340366 | W11: 114.75974
B12: 50 | C12: 20 | D12: 26.91395 | V12: 67.405789 | W12: 114.38992
B13: 55 | C13: 20 | D13: 27.28001 | V13: 67.441561 | W13: 114.17319
B14: 60 | C14: 20 | D14: 27.634805 | V14: 67.431985 | W14: 114.19811
... B33: 155 | C33: 20 | D33: 33.261648 | V33: 67.083079 | W33: 115.75034
B34: 160 | C34: 20 | D34: 33.518726 | V34: Przeciwległa ściana | W34: Ogrzewana ściana
B35: 165 | C35: 20 | D35: 33.772863 | U35: max | V35: =MAX(V3:V33) -> 67.566857 | W35: =MAX(W3:W33) -> 116.56103
B36: 170 | C36: 20 | D36: 34.024149 | U36: min | V36: =MIN(V3:V33) -> 66.948297 | W36: =MIN(W3:W33) -> 113.41797
B37: 175 | C37: 20 | D37: 34.272668 | U37: średnia | V37: =AVERAGE(V3:V33) -> 67.246207 | W37: =AVERAGE(W3:W33) -> 115.0982
B38: 180 | C38: 20 | D38: 34.518502
B39: 185 | C39: 20 | D39: 34.761727
B40: 190 | C40: 20 | D40: 35.002417
B41: 195 | C41: 20 | D41: 35.240642
B42: 200 | C42: 20 | D42: 35.476467
B43: 205 | C43: 20 | D43: 35.709957
B44: 210 | C44: 20 | D44: 35.941171
B45: 215 | C45: 20 | D45: 36.170166
B46: 220 | C46: 20 | D46: 36.396999
B47: 225 | C47: 20 | D47: 36.621721
B48: 230 | C48: 20 | D48: 36.844382
B49: 235 | C49: 20 | D49: 37.065032
... B2002: 10000 | C2002: 66.948297 | D2002: 116.56103

Sheet Cegła duże dziury, czas = 10k
V1: Temperatura na przeciwnej ścianie w ostaniej iteracji | W1: Temperatura na nagrzewanej ścianie w ostaniej iteracji
B2: Czas | C2: Tmin | D2: Tmax
B3: 5 | C3: 20 | D3: 21.772612 | V3: 66.837286 | W3: 115.04497
B4: 10 | C4: 20 | D4: 22.835159 | V4: 66.802823 | W4: 115.23233
B5: 15 | C5: 20 | D5: 23.609091 | V5: 66.705136 | W5: 115.76368
B6: 20 | C6: 20 | D6: 24.238805 | V6: 66.562018 | W6: 116.54276
B7: 25 | C7: 20 | D7: 24.783549 | V7: 66.404278 | W7: 117.40205
B8: 30 | C8: 20 | D8: 25.272683 | V8: 66.26771 | W8: 118.14662
B9: 35 | C9: 20 | D9: 25.723192 | V9: 66.182843 | W9: 118.61026
B10: 40 | C10: 20 | D10: 26.145945 | V10: 66.167102 | W10: 118.69834
B11: 45 | C11: 20 | D11: 26.548294 | V11: 66.22616 | W11: 118.37972
B12: 50 | C12: 20 | D12: 26.935343 | V12: 66.35431 | W12: 117.68483
B13: 55 | C13: 20 | D13: 27.310679 | V13: 66.534213 | W13: 116.70742
B14: 60 | C14: 20 | D14: 27.676829 | V14: 66.735824 | W14: 115.61136
... B33: 155 | C33: 20 | D33: 33.794345 | V33: 66.837287 | W33: 115.04496
B34: 160 | C34: 20 | D34: 34.083697 | V34: Przeciwległa ściana | W34: Ogrzewana ściana
B35: 165 | C35: 20 | D35: 34.370155 | U35: max | V35: =MAX(V3:V33) -> 67.194178 | W35: =MAX(W3:W33) -> 118.69834
B36: 170 | C36: 20 | D36: 34.653761 | U36: min | V36: =MIN(V3:V33) -> 66.167102 | W36: =MIN(W3:W33) -> 113.12345
B37: 175 | C37: 20 | D37: 34.934557 | U37: średnia | V37: =AVERAGE(V3:V33) -> 66.615319 | W37: =AVERAGE(W3:W33) -> 116.26087
B38: 180 | C38: 20 | D38: 35.212583
B39: 185 | C39: 20 | D39: 35.487884
B40: 190 | C40: 20 | D40: 35.760501
B41: 195 | C41: 20 | D41: 36.030477
B42: 200 | C42: 20 | D42: 36.297856
B43: 205 | C43: 20 | D43: 36.562679
B44: 210 | C44: 20 | D44: 36.82499
B45: 215 | C45: 20 | D45: 37.08483
B46: 220 | C46: 20 | D46: 37.342241
B47: 225 | C47: 20 | D47: 37.597266
B48: 230 | C48: 20.000001 | D48: 37.849944
B49: 235 | C49: 20.000001 | D49: 38.100316
... B2002: 10000 | C2002: 66.167102 | D2002: 118.69834

Sheet Cegła Pełna, czas = 10k
V1: Temperatura na przeciwnej ścianie w ostaniej iteracji | W1: Temperatura na nagrzewanej ścianie w ostaniej iteracji
B2: Czas | C2: Tmin | D2: Tmax
B3: 5 | C3: 20 | D3: 21.772605 | V3: 62.186595 | W3: 95.075655
B4: 10 | C4: 20 | D4: 22.835068 | V4: 62.186595 | W4: 95.075655
B5: 15 | C5: 20 | D5: 23.608575 | V5: 62.186595 | W5: 95.075655
B6: 20 | C6: 20 | D6: 24.236868 | V6: 62.186595 | W6: 95.075655
B7: 25 | C7: 20 | D7: 24.778105 | V7: 62.186595 | W7: 95.075655
B8: 30 | C8: 20 | D8: 25.260263 | V8: 62.186595 | W8: 95.075655
B9: 35 | C9: 20 | D9: 25.698937 | V9: 62.186595 | W9: 95.075655
B10: 40 | C10: 20 | D10: 26.103836 | V10: 62.186595 | W10: 95.075655
B11: 45 | C11: 20 | D11: 26.481497 | V11: 62.186595 | W11: 95.075655
B12: 50 | C12: 20 | D12: 26.836579 | V12: 62.186595 | W12: 95.075655
B13: 55 | C13: 20 | D13: 27.172543 | V13: 62.186595 | W13: 95.075655
B14: 60 | C14: 20 | D14: 27.492046 | V14: 62.186595 | W14: 95.075655
... B33: 155 | C33: 20 | D33: 31.918954 | V33: 62.186595 | W33: 95.075655
B34: 160 | C34: 20 | D34: 32.101722 | V34: Przeciwległa ściana | W34: Ogrzewana ściana
B35: 165 | C35: 20 | D35: 32.281313 | U35: max | V35: =MAX(V3:V33) -> 62.186595 | W35: =MAX(W3:W33) -> 95.075655
B36: 170 | C36: 20 | D36: 32.457874 | U36: min
B37: 175 | C37: 20 | D37: 32.63154 | U37: średnia
B38: 180 | C38: 20 | D38: 32.802435
B39: 185 | C39: 20 | D39: 32.970676
B40: 190 | C40: 20 | D40: 33.136371
B41: 195 | C41: 20 | D41: 33.299623
B42: 200 | C42: 20 | D42: 33.460525
B43: 205 | C43: 20 | D43: 33.619168
B44: 210 | C44: 20 | D44: 33.775633
B45: 215 | C45: 20 | D45: 33.93
B46: 220 | C46: 20 | D46: 34.082342
B47: 225 | C47: 20 | D47: 34.23273
B48: 230 | C48: 20 | D48: 34.381229
B49: 235 | C49: 20.000001 | D49: 34.5279
... B2002: 10000 | C2002: 62.186595 | D2002: 95.075655

Sheet Zestawienie wyników
B2: Typ cegły | D2: Małe Dziury | G2: Duże Dziury | J2: Brak Dziur
B3: Alfa | D3: 8 | E3: 300 | F3: 3000 | G3: 8 | H3: 300 | I3: 3000 | J3: 8 | K3: 300 | L3: 3000
B4: Przeciwległa ściana | C4: Min | D4: ='Cegła Małe dziury, alfa = 8'!V36 -> 21.610706 | E4: ='Cegła Małe dziury, alfa = 300'!V36 -> 30.686119 | F4: ='Cegła Małe dziury, alfa = 3000'!V36 -> 32.193056 | G4: ='Cegła Duże dziury, alfa = 8'!V36 -> 21.473093 | H4: ='Cegła Duże dziury, alfa = 300'!V36 -> 29.688315 | I4: ='Cegła Duże dziury, alfa = 3000'!V36 -> 31.072439 | J4: ='Cegła Pełna, alfa = 8'!V35 -> 22.277994 | K4: ='Cegła Pełna, alfa = 300'!V35 -> 37.31819 | L4: ='Cegła Pełna, alfa = 3000'!V35 -> 40.344003
C5: Max | D5: ='Cegła Małe dziury, alfa = 8'!V35 -> 21.855521 | E5: ='Cegła Małe dziury, alfa = 300'!V35 -> 32.178458 | F5: ='Cegła Małe dziury, alfa = 3000'!V35 -> 33.871517 | G5: ='Cegła Duże dziury, alfa = 8'!V35 -> 21.928175 | H5: ='Cegła Duże dziury, alfa = 300'!V35 -> 32.130126 | I5: ='Cegła Duże dziury, alfa = 3000'!V35 -> 33.750378
C6: Średnia | D6: ='Cegła Małe dziury, alfa = 8'!V37 -> 21.72257 | E6: ='Cegła Małe dziury, alfa = 300'!V37 -> 31.375832 | F6: ='Cegła Małe dziury, alfa = 3000'!V37 -> 32.970887 | G6: ='Cegła Duże dziury, alfa = 8'!V37 -> 21.676777 | H6: ='Cegła Duże dziury, alfa = 300'!V37 -> 30.751643 | I6: ='Cegła Duże dziury, alfa = 3000'!V37 -> 32.231612
B7: Nagrzewana ściana | C7: Min | D7: ='Cegła Małe dziury, alfa = 8'!W36 -> 69.249537 | E7: ='Cegła Małe dziury, alfa = 300'!W36 -> 190.89871 | F7: ='Cegła Małe dziury, alfa = 3000'!W36 -> 199.00657 | G7: ='Cegła Duże dziury, alfa = 8'!W36 -> 70.336983 | H7: ='Cegła Duże dziury, alfa = 300'!W36 -> 189.79991 | I7: ='Cegła Duże dziury, alfa = 3000'!W36 -> 198.85934 | J7: ='Cegła Pełna, alfa = 8'!W35 -> 57.759098 | K7: ='Cegła Pełna, alfa = 300'!W35 -> 187.98978 | L7: ='Cegła Pełna, alfa = 3000'!W35 -> 198.79131
C8: Max | D8: ='Cegła Małe dziury, alfa = 8'!W35 -> 73.068321 | E8: ='Cegła Małe dziury, alfa = 300'!W35 -> 193.9539 | F8: ='Cegła Małe dziury, alfa = 3000'!W35 -> 199.47687 | G8: ='Cegła Duże dziury, alfa = 8'!W35 -> 77.590972 | H8: ='Cegła Duże dziury, alfa = 300'!W35 -> 195.83248 | I8: ='Cegła Duże dziury, alfa = 3000'!W35 -> 199.70351
C9: Średnia | D9: ='Cegła Małe dziury, alfa = 8'!W37 -> 71.212086 | E9: ='Cegła Małe dziury, alfa = 300'!W37 -> 192.55875 | F9: ='Cegła Małe dziury, alfa = 3000'!W37 -> 199.25762 | G9: ='Cegła Duże dziury, alfa = 8'!W37 -> 74.41877 | H9: ='Cegła Duże dziury, alfa = 300'!W37 -> 192.9177 | I9: ='Cegła Duże dziury, alfa = 3000'!W37 -> 199.28239
D12: Czas symulacji równy 10 000 sekund
D13: Małe Dziury | E13: Duże Dziury | F13: Brak Dziur
B14: Przeciwległa ściana | C14: Min | D14: ='Cegła Małe dziury, czas = 10k '!V36 -> 66.948297 | E14: ='Cegła duże dziury, czas = 10k'!$V$36 -> 66.167102 | F14: ='Cegła Pełna, czas = 10k'!V35 -> 62.186595
C15: Max | D15: ='Cegła Małe dziury, czas = 10k '!V35 -> 67.566857 | E15: ='Cegła duże dziury, czas = 10k'!$V$35 -> 67.194178
C16: Średnia | D16: ='Cegła Małe dziury, czas = 10k '!V37 -> 67.246207 | E16: ='Cegła duże dziury, czas = 10k'!$V$37 -> 66.615319
B17: Nagrzewana ściana | C17: Min | D17: ='Cegła Małe dziury, czas = 10k '!W36 -> 113.41797 | E17: ='Cegła duże dziury, czas = 10k'!$W$36 -> 113.12345 | F17: ='Cegła Pełna, czas = 10k'!W35 -> 95.075655
C18: Max | D18: ='Cegła Małe dziury, czas = 10k '!W35 -> 116.56103 | E18: ='Cegła duże dziury, czas = 10k'!$W$35 -> 118.69834
C19: Średnia | D19: ='Cegła Małe dziury, czas = 10k '!W37 -> 115.0982 | E19: ='Cegła duże dziury, czas = 10k'!$W$37 -> 116.26087
